feedback_id,feedback,sentiment,category,location,date,notes
REAL_0001,,,,,,
REAL_0002,,,,,,
REAL_0003,,,,,,
REAL_0004,,,,,,
REAL_0005,,,,,,
REAL_0006,,,,,,
REAL_0007,,,,,,
REAL_0008,,,,,,
REAL_0009,,,,,,
REAL_0010,,,,,,
REAL_0011,,,,,,
REAL_0012,,,,,,
REAL_0013,,,,,,
REAL_0014,,,,,,
REAL_0015,,,,,,
REAL_0016,,,,,,
REAL_0017,,,,,,
REAL_0018,,,,,,
REAL_0019,,,,,,
REAL_0020,,,,,,
REAL_0021,,,,,,
REAL_0022,,,,,,
REAL_0023,,,,,,
REAL_0024,,,,,,
REAL_0025,,,,,,
REAL_0026,,,,,,
REAL_0027,,,,,,
REAL_0028,,,,,,
REAL_0029,,,,,,
REAL_0030,,,,,,
REAL_0031,,,,,,
REAL_0032,,,,,,
REAL_0033,,,,,,
REAL_0034,,,,,,
REAL_0035,,,,,,
REAL_0036,,,,,,
REAL_0037,,,,,,
REAL_0038,,,,,,
REAL_0039,,,,,,
REAL_0040,,,,,,
REAL_0041,,,,,,
REAL_0042,,,,,,
REAL_0043,,,,,,
REAL_0044,,,,,,
REAL_0045,,,,,,
REAL_0046,,,,,,
REAL_0047,,,,,,
REAL_0048,,,,,,
REAL_0049,,,,,,
REAL_0050,,,,,,
REAL_0051,,,,,,
REAL_0052,,,,,,
REAL_0053,,,,,,
REAL_0054,,,,,,
REAL_0055,,,,,,
REAL_0056,,,,,,
REAL_0057,,,,,,
REAL_0058,,,,,,
REAL_0059,,,,,,
REAL_0060,,,,,,
REAL_0061,,,,,,
REAL_0062,,,,,,
REAL_0063,,,,,,
REAL_0064,,,,,,
REAL_0065,,,,,,
REAL_0066,,,,,,
REAL_0067,,,,,,
REAL_0068,,,,,,
REAL_0069,,,,,,
REAL_0070,,,,,,
REAL_0071,,,,,,
REAL_0072,,,,,,
REAL_0073,,,,,,
REAL_0074,,,,,,
REAL_0075,,,,,,
REAL_0076,,,,,,
REAL_0077,,,,,,
REAL_0078,,,,,,
REAL_0079,,,,,,
REAL_0080,,,,,,
REAL_0081,,,,,,
REAL_0082,,,,,,
REAL_0083,,,,,,
REAL_0084,,,,,,
REAL_0085,,,,,,
REAL_0086,,,,,,
REAL_0087,,,,,,
REAL_0088,,,,,,
REAL_0089,,,,,,
REAL_0090,,,,,,
REAL_0091,,,,,,
REAL_0092,,,,,,
REAL_0093,,,,,,
REAL_0094,,,,,,
REAL_0095,,,,,,
REAL_0096,,,,,,
REAL_0097,,,,,,
REAL_0098,,,,,,
REAL_0099,,,,,,
REAL_0100,,,,,,
